{"cameraMode":{"drawMode":0,"name":"Shaded","section":"Shading Mode"},"sceneLighting":false,"audioPlay":false,"sceneViewState":{"m_AlwaysRefresh":false,"showFog":true,"showSkybox":false,"showFlares":true,"showImageEffects":true,"showParticleSystems":true,"showVisualEffectGraphs":true,"m_FxEnabled":true},"in2DMode":false,"pivot":{"x":155.77000427246095,"y":3.3399999141693117,"z":97.87000274658203},"rotation":{"x":-0.008434015326201916,"y":-0.7112854719161987,"z":-0.008535836823284626,"w":0.7028008699417114},"size":0.8660297989845276,"orthographic":false}